posting_id,job_title,skill_uri,preferred_label,matched_text,skill_type,reuse_level,broader_skill_labels
885501300,Program Analyst  (Data Analyst),http://data.europa.eu/esco/skill/97bd1c21-66b2-4b7e-ad0f-e3cda590e378,data analytics,data analytics,knowledge,cross-sector skills and competences,
885501300,Program Analyst  (Data Analyst),http://data.europa.eu/esco/isced-f/011,education,education,,,
885501300,Program Analyst  (Data Analyst),http://data.europa.eu/esco/skill/335228d2-297d-4e0e-a6ee-bc6a8dc110d9,skills,skills,,,
885501300,Program Analyst  (Data Analyst),http://data.europa.eu/esco/skill/c46fcb45-5c14-4ffa-abed-5a43f104bb22,knowledge,knowledge,,,
885418100,Data Analyst,http://data.europa.eu/esco/skill/88b406d0-72e2-4087-be19-d5992d259473,personnel management,Personnel Management,knowledge,cross-sector skills and competences,
885418100,Data Analyst,http://data.europa.eu/esco/skill/949ced5f-7536-4614-ac60-563ffc91a2f2,strategic planning,strategic planning,knowledge,cross-sector skills and competences,
885418100,Data Analyst,http://data.europa.eu/esco/skill/6f142deb-03a9-4cd7-94ce-e0f023ae2169,communicating,communicating,,,
885418100,Data Analyst,http://data.europa.eu/esco/isced-f/10,services,services,,,
885418100,Data Analyst,http://data.europa.eu/esco/isced-f/091,health,health,,,
885418100,Data Analyst,http://data.europa.eu/esco/isced-f/011,education,education,,,
885418100,Data Analyst,http://data.europa.eu/esco/skill/335228d2-297d-4e0e-a6ee-bc6a8dc110d9,skills,Skills,,,
883741500,Program Analyst (Data Analyst),http://data.europa.eu/esco/skill/97bd1c21-66b2-4b7e-ad0f-e3cda590e378,data analytics,data analytics,knowledge,cross-sector skills and competences,
883741500,Program Analyst (Data Analyst),http://data.europa.eu/esco/skill/415f816c-07ae-4ac1-9ddb-ecaa9957a249,law enforcement,law enforcement,knowledge,cross-sector skills and competences,
883741500,Program Analyst (Data Analyst),http://data.europa.eu/esco/skill/88b406d0-72e2-4087-be19-d5992d259473,personnel management,Personnel Management,knowledge,cross-sector skills and competences,
883741500,Program Analyst (Data Analyst),http://data.europa.eu/esco/skill/a3aa300b-6636-40fc-abe7-4ab3808dd742,international law,international law,knowledge,cross-sector skills and competences,
883741500,Program Analyst (Data Analyst),http://data.europa.eu/esco/skill/4fb87cb4-6442-4b5d-8bd0-eb1aa743a9ee,application process,application process,knowledge,occupation specific skills and competences,
883741500,Program Analyst (Data Analyst),http://data.europa.eu/esco/isced-f/0421,law,law,,,
883741500,Program Analyst (Data Analyst),http://data.europa.eu/esco/isced-f/10,services,Services,,,
883741500,Program Analyst (Data Analyst),http://data.europa.eu/esco/isced-f/011,education,education,,,
883741500,Program Analyst (Data Analyst),http://data.europa.eu/esco/skill/335228d2-297d-4e0e-a6ee-bc6a8dc110d9,skills,skills,,,
883741500,Program Analyst (Data Analyst),http://data.europa.eu/esco/skill/c46fcb45-5c14-4ffa-abed-5a43f104bb22,knowledge,knowledge,,,
885259500,Program Analyst (Data Analytics),http://data.europa.eu/esco/skill/97bd1c21-66b2-4b7e-ad0f-e3cda590e378,data analytics,Data Analytics,knowledge,cross-sector skills and competences,
885259500,Program Analyst (Data Analytics),http://data.europa.eu/esco/skill/415f816c-07ae-4ac1-9ddb-ecaa9957a249,law enforcement,law enforcement,knowledge,cross-sector skills and competences,
885259500,Program Analyst (Data Analytics),http://data.europa.eu/esco/skill/7111b95d-0ce3-441a-9d92-4c75d05c4388,project management,project management,knowledge,sector specific skills and competences,
885259500,Program Analyst (Data Analytics),http://data.europa.eu/esco/skill/143769cb-b61e-47d8-a61e-eedfbec1016c,business intelligence,business intelligence,knowledge,cross-sector skills and competences,
885259500,Program Analyst (Data Analytics),http://data.europa.eu/esco/skill/88b406d0-72e2-4087-be19-d5992d259473,personnel management,Personnel Management,knowledge,cross-sector skills and competences,
885259500,Program Analyst (Data Analytics),http://data.europa.eu/esco/skill/6f142deb-03a9-4cd7-94ce-e0f023ae2169,communicating,communicating,,,
885259500,Program Analyst (Data Analytics),http://data.europa.eu/esco/isced-f/0421,law,law,,,
885259500,Program Analyst (Data Analytics),http://data.europa.eu/esco/isced-f/052,environment,environment,,,
885259500,Program Analyst (Data Analytics),http://data.europa.eu/esco/isced-f/011,education,education,,,
885259500,Program Analyst (Data Analytics),http://data.europa.eu/esco/skill/335228d2-297d-4e0e-a6ee-bc6a8dc110d9,skills,skills,,,
885259500,Program Analyst (Data Analytics),http://data.europa.eu/esco/skill/c46fcb45-5c14-4ffa-abed-5a43f104bb22,knowledge,knowledge,,,
885766400,Human Capital Data Analyst,http://data.europa.eu/esco/skill/1e38f5be-bb7d-42c5-8301-c16cf400f8ee,energy,energy,knowledge,cross-sector skills and competences,
885766400,Human Capital Data Analyst,http://data.europa.eu/esco/skill/7ee4c2ea-b349-4bd2-81a3-ec31475d4833,statistics,statistics,knowledge,cross-sector skills and competences,
885766400,Human Capital Data Analyst,http://data.europa.eu/esco/skill/e49f4158-9d4c-425d-bf32-dfe89b19840a,plan ,plan,skill,transversal skills and competences,
885766400,Human Capital Data Analyst,http://data.europa.eu/esco/isced-f/10,services,services,,,
885766400,Human Capital Data Analyst,http://data.europa.eu/esco/isced-f/091,health,health,,,
885766400,Human Capital Data Analyst,http://data.europa.eu/esco/skill/f206e732-110c-47ce-a53f-f00c9d97c90d,talent management strategies,talent management strategies,knowledge,occupation specific skills and competences,
885766400,Human Capital Data Analyst,http://data.europa.eu/esco/skill/335228d2-297d-4e0e-a6ee-bc6a8dc110d9,skills,skills,,,
885766400,Human Capital Data Analyst,http://data.europa.eu/esco/skill/c46fcb45-5c14-4ffa-abed-5a43f104bb22,knowledge,knowledge,,,
885766400,Human Capital Data Analyst,http://data.europa.eu/esco/skill/43ae58b9-5e56-4524-b45a-b422777a0576,database,database,knowledge,cross-sector skills and competences,
885121100,Management and Program Analyst (Data Steward),http://data.europa.eu/esco/skill/732cb4dd-af91-4c88-9a9f-5fc62144e500,provide information,provide information,skill,cross-sector skills and competences,report facts | attend to detail
885121100,Management and Program Analyst (Data Steward),http://data.europa.eu/esco/skill/335228d2-297d-4e0e-a6ee-bc6a8dc110d9,skills,skills,,,
885121100,Management and Program Analyst (Data Steward),http://data.europa.eu/esco/skill/c46fcb45-5c14-4ffa-abed-5a43f104bb22,knowledge,knowledge,,,
884523500,Management and Program Analyst (Data Science),http://data.europa.eu/esco/skill/294cf13e-4fdf-4cb8-bb6b-31b9da7f4819,logic,logic,knowledge,cross-sector skills and competences,
884523500,Management and Program Analyst (Data Science),http://data.europa.eu/esco/skill/0f804e14-001d-4ec0-b3f7-eb6a23ad43cb,negotiating,negotiating,,,
884523500,Management and Program Analyst (Data Science),http://data.europa.eu/esco/skill/edebd83d-35f6-4ed5-a940-6c203d178c01,data science,Data Science,knowledge,cross-sector skills and competences,
884523500,Management and Program Analyst (Data Science),http://data.europa.eu/esco/skill/88b406d0-72e2-4087-be19-d5992d259473,personnel management,Personnel Management,knowledge,cross-sector skills and competences,
884523500,Management and Program Analyst (Data Science),http://data.europa.eu/esco/skill/fb82ae25-b59f-43fd-aacf-a8308afbe85e,health informatics,health informatics,knowledge,cross-sector skills and competences,
884523500,Management and Program Analyst (Data Science),http://data.europa.eu/esco/isced-f/091,health,health,,,
884523500,Management and Program Analyst (Data Science),http://data.europa.eu/esco/skill/7d35602d-bc94-4975-aa7c-f4e8e05ce8e0,cost management,cost management,knowledge,sector specific skills and competences,
884523500,Management and Program Analyst (Data Science),http://data.europa.eu/esco/skill/633a3637-2c6b-40ae-ac38-289eb2a62aa6,business analysis,business analysis,knowledge,cross-sector skills and competences,
884523500,Management and Program Analyst (Data Science),http://data.europa.eu/esco/skill/25f0ea33-b4a2-4f31-b7b4-7d20e827b180,data mining,data mining,knowledge,sector specific skills and competences,
884523500,Management and Program Analyst (Data Science),http://data.europa.eu/esco/skill/335228d2-297d-4e0e-a6ee-bc6a8dc110d9,skills,skills,,,
884523500,Management and Program Analyst (Data Science),http://data.europa.eu/esco/skill/c46fcb45-5c14-4ffa-abed-5a43f104bb22,knowledge,knowledge,,,
884523500,Management and Program Analyst (Data Science),http://data.europa.eu/esco/skill/43ae58b9-5e56-4524-b45a-b422777a0576,database,database,knowledge,cross-sector skills and competences,
884523500,Management and Program Analyst (Data Science),http://data.europa.eu/esco/skill/15d76317-c71a-4fa2-aadc-2ecc34e627b7,communication,communication,knowledge,cross-sector skills and competences,
885087700,Senior Grants Data Standards Analyst,http://data.europa.eu/esco/skill/88b406d0-72e2-4087-be19-d5992d259473,personnel management,Personnel Management,knowledge,cross-sector skills and competences,
885087700,Senior Grants Data Standards Analyst,http://data.europa.eu/esco/skill/6f142deb-03a9-4cd7-94ce-e0f023ae2169,communicating,communicating,,,
885087700,Senior Grants Data Standards Analyst,http://data.europa.eu/esco/skill/9e84a506-df06-4be3-874a-fa01293e3dd5,business processes,business processes,knowledge,cross-sector skills and competences,
885087700,Senior Grants Data Standards Analyst,http://data.europa.eu/esco/skill/335228d2-297d-4e0e-a6ee-bc6a8dc110d9,skills,skills,,,
885087700,Senior Grants Data Standards Analyst,http://data.europa.eu/esco/skill/c46fcb45-5c14-4ffa-abed-5a43f104bb22,knowledge,knowledge,,,
885339900,Senior Grants Data Standards Analyst,http://data.europa.eu/esco/skill/88b406d0-72e2-4087-be19-d5992d259473,personnel management,Personnel Management,knowledge,cross-sector skills and competences,
885339900,Senior Grants Data Standards Analyst,http://data.europa.eu/esco/skill/6f142deb-03a9-4cd7-94ce-e0f023ae2169,communicating,communicating,,,
885339900,Senior Grants Data Standards Analyst,http://data.europa.eu/esco/skill/9e84a506-df06-4be3-874a-fa01293e3dd5,business processes,business processes,knowledge,cross-sector skills and competences,
885339900,Senior Grants Data Standards Analyst,http://data.europa.eu/esco/skill/335228d2-297d-4e0e-a6ee-bc6a8dc110d9,skills,skills,,,
885339900,Senior Grants Data Standards Analyst,http://data.europa.eu/esco/skill/c46fcb45-5c14-4ffa-abed-5a43f104bb22,knowledge,knowledge,,,
884635600,Supervisory Management and Program Analyst (Data Science),http://data.europa.eu/esco/skill/294cf13e-4fdf-4cb8-bb6b-31b9da7f4819,logic,logic,knowledge,cross-sector skills and competences,
884635600,Supervisory Management and Program Analyst (Data Science),http://data.europa.eu/esco/skill/edebd83d-35f6-4ed5-a940-6c203d178c01,data science,Data Science,knowledge,cross-sector skills and competences,
884635600,Supervisory Management and Program Analyst (Data Science),http://data.europa.eu/esco/skill/88b406d0-72e2-4087-be19-d5992d259473,personnel management,Personnel Management,knowledge,cross-sector skills and competences,
884635600,Supervisory Management and Program Analyst (Data Science),http://data.europa.eu/esco/skill/e49f4158-9d4c-425d-bf32-dfe89b19840a,plan ,Plan,skill,transversal skills and competences,
884635600,Supervisory Management and Program Analyst (Data Science),http://data.europa.eu/esco/isced-f/10,services,services,,,
884635600,Supervisory Management and Program Analyst (Data Science),http://data.europa.eu/esco/isced-f/091,health,health,,,
884635600,Supervisory Management and Program Analyst (Data Science),http://data.europa.eu/esco/skill/7d35602d-bc94-4975-aa7c-f4e8e05ce8e0,cost management,cost management,knowledge,sector specific skills and competences,
884635600,Supervisory Management and Program Analyst (Data Science),http://data.europa.eu/esco/skill/633a3637-2c6b-40ae-ac38-289eb2a62aa6,business analysis,business analysis,knowledge,cross-sector skills and competences,
884635600,Supervisory Management and Program Analyst (Data Science),http://data.europa.eu/esco/skill/25f0ea33-b4a2-4f31-b7b4-7d20e827b180,data mining,data mining,knowledge,sector specific skills and competences,
884635600,Supervisory Management and Program Analyst (Data Science),http://data.europa.eu/esco/skill/335228d2-297d-4e0e-a6ee-bc6a8dc110d9,skills,skills,,,
884635600,Supervisory Management and Program Analyst (Data Science),http://data.europa.eu/esco/skill/c46fcb45-5c14-4ffa-abed-5a43f104bb22,knowledge,knowledge,,,
884635600,Supervisory Management and Program Analyst (Data Science),http://data.europa.eu/esco/skill/43ae58b9-5e56-4524-b45a-b422777a0576,database,database,knowledge,cross-sector skills and competences,
884635600,Supervisory Management and Program Analyst (Data Science),http://data.europa.eu/esco/skill/15d76317-c71a-4fa2-aadc-2ecc34e627b7,communication,communication,knowledge,cross-sector skills and competences,
885392200,FINANCIAL MANAGEMENT ANALYST (DATA ANALYTICS),http://data.europa.eu/esco/skill/97bd1c21-66b2-4b7e-ad0f-e3cda590e378,data analytics,data analytics,knowledge,cross-sector skills and competences,
885392200,FINANCIAL MANAGEMENT ANALYST (DATA ANALYTICS),http://data.europa.eu/esco/skill/88b406d0-72e2-4087-be19-d5992d259473,personnel management,Personnel Management,knowledge,cross-sector skills and competences,
885392200,FINANCIAL MANAGEMENT ANALYST (DATA ANALYTICS),http://data.europa.eu/esco/skill/52e53619-fa77-4f72-b237-5e4aae784dc2,financial management,Financial Management,knowledge,cross-sector skills and competences,
885392200,FINANCIAL MANAGEMENT ANALYST (DATA ANALYTICS),http://data.europa.eu/esco/isced-f/011,education,education,,,
885392200,FINANCIAL MANAGEMENT ANALYST (DATA ANALYTICS),http://data.europa.eu/esco/skill/15d76317-c71a-4fa2-aadc-2ecc34e627b7,communication,communication,knowledge,cross-sector skills and competences,
886074300,PROGRAM ANALYST (DATA QUALITY ANALYTICS & VISUALIZATION),http://data.europa.eu/esco/skill/ecc18804-a466-40d9-98b4-fba5cd67dd4b,accounting,accounting,knowledge,cross-sector skills and competences,
886074300,PROGRAM ANALYST (DATA QUALITY ANALYTICS & VISUALIZATION),http://data.europa.eu/esco/skill/949ced5f-7536-4614-ac60-563ffc91a2f2,strategic planning,strategic planning,knowledge,cross-sector skills and competences,
886074300,PROGRAM ANALYST (DATA QUALITY ANALYTICS & VISUALIZATION),http://data.europa.eu/esco/skill/e49f4158-9d4c-425d-bf32-dfe89b19840a,plan ,Plan,skill,transversal skills and competences,
886074300,PROGRAM ANALYST (DATA QUALITY ANALYTICS & VISUALIZATION),http://data.europa.eu/esco/isced-f/011,education,education,,,
884820900,Management and Program Analyst,http://data.europa.eu/esco/skill/97bd1c21-66b2-4b7e-ad0f-e3cda590e378,data analytics,Data Analytics,knowledge,cross-sector skills and competences,
884820900,Management and Program Analyst,http://data.europa.eu/esco/skill/3ec2e4d6-7000-4905-bf1a-c5b1679416de,data warehouse,Data Warehouse,knowledge,occupation specific skills and competences,
884820900,Management and Program Analyst,http://data.europa.eu/esco/skill/cdd8b6b2-2fd9-453c-8d62-8a1dc6efcd49,systems theory,systems theory,knowledge,sector specific skills and competences,
884820900,Management and Program Analyst,http://data.europa.eu/esco/skill/88b406d0-72e2-4087-be19-d5992d259473,personnel management,Personnel Management,knowledge,cross-sector skills and competences,
884820900,Management and Program Analyst,http://data.europa.eu/esco/isced-f/10,services,services,,,
884820900,Management and Program Analyst,http://data.europa.eu/esco/isced-f/091,health,health,,,
884820900,Management and Program Analyst,http://data.europa.eu/esco/isced-f/011,education,education,,,
884820900,Management and Program Analyst,http://data.europa.eu/esco/skill/25f0ea33-b4a2-4f31-b7b4-7d20e827b180,data mining,data mining,knowledge,sector specific skills and competences,
884820900,Management and Program Analyst,http://data.europa.eu/esco/skill/335228d2-297d-4e0e-a6ee-bc6a8dc110d9,skills,skills,,,
884820900,Management and Program Analyst,http://data.europa.eu/esco/skill/c46fcb45-5c14-4ffa-abed-5a43f104bb22,knowledge,Knowledge,,,
884820900,Management and Program Analyst,http://data.europa.eu/esco/skill/0c77bcd5-b94a-475d-98e9-5a4327e4d726,statistical process control,statistical process control,knowledge,cross-sector skills and competences,statistics
885170300,OPERATIONS RESEARCH ANALYST,http://data.europa.eu/esco/skill/598de5b0-5b58-4ea7-8058-a4bc4d18c742,SQL,SQL,knowledge,sector specific skills and competences,query languages
885170300,OPERATIONS RESEARCH ANALYST,http://data.europa.eu/esco/skill/43f425aa-f45d-4bb4-a200-6f82fa211b66,languages,languages,,,
885170300,OPERATIONS RESEARCH ANALYST,http://data.europa.eu/esco/skill/fecf8a0d-62c4-4e71-9b03-0f4fc2ad7bf5,data models,data models,knowledge,sector specific skills and competences,
885170300,OPERATIONS RESEARCH ANALYST,http://data.europa.eu/esco/skill/edebd83d-35f6-4ed5-a940-6c203d178c01,data science,data science,knowledge,cross-sector skills and competences,
885170300,OPERATIONS RESEARCH ANALYST,http://data.europa.eu/esco/skill/88b406d0-72e2-4087-be19-d5992d259473,personnel management,Personnel Management,knowledge,cross-sector skills and competences,
885170300,OPERATIONS RESEARCH ANALYST,http://data.europa.eu/esco/skill/3a2d5b45-56e4-4f5a-a55a-4a4a65afdc43,machine learning,machine learning,knowledge,cross-sector skills and competences,principles of artificial intelligence
885170300,OPERATIONS RESEARCH ANALYST,http://data.europa.eu/esco/skill/335228d2-297d-4e0e-a6ee-bc6a8dc110d9,skills,skills,,,
885170300,OPERATIONS RESEARCH ANALYST,http://data.europa.eu/esco/skill/c46fcb45-5c14-4ffa-abed-5a43f104bb22,knowledge,knowledge,,,
885170300,OPERATIONS RESEARCH ANALYST,http://data.europa.eu/esco/skill/48db96bf-3314-45c6-bad8-fdb6e20e5639,data engineering,data engineering,knowledge,cross-sector skills and competences,
885527200,INTELLIGENCE SPECIALIST,http://data.europa.eu/esco/skill/cfa2be0d-96d5-4017-a866-962efb9c5070,signal processing,signal processing,knowledge,sector specific skills and competences,
885527200,INTELLIGENCE SPECIALIST,http://data.europa.eu/esco/skill/88b406d0-72e2-4087-be19-d5992d259473,personnel management,Personnel Management,knowledge,cross-sector skills and competences,
884377100,INFORMATION TECHNOLOGY SPECIALIST (SYSANALYSIS),http://data.europa.eu/esco/skill/43f425aa-f45d-4bb4-a200-6f82fa211b66,languages,languages,,,
884377100,INFORMATION TECHNOLOGY SPECIALIST (SYSANALYSIS),http://data.europa.eu/esco/skill/97bd1c21-66b2-4b7e-ad0f-e3cda590e378,data analytics,data analytics,knowledge,cross-sector skills and competences,
884377100,INFORMATION TECHNOLOGY SPECIALIST (SYSANALYSIS),http://data.europa.eu/esco/skill/21d2f96d-35f7-4e3f-9745-c533d2dd6e97,computer programming,computer programming,knowledge,cross-sector skills and competences,digital content creation
884377100,INFORMATION TECHNOLOGY SPECIALIST (SYSANALYSIS),http://data.europa.eu/esco/skill/88b406d0-72e2-4087-be19-d5992d259473,personnel management,Personnel Management,knowledge,cross-sector skills and competences,
884377100,INFORMATION TECHNOLOGY SPECIALIST (SYSANALYSIS),http://data.europa.eu/esco/skill/15a33d76-4640-438d-ae64-fdc0c1d3eebc,customer service,Customer Service,knowledge,sector specific skills and competences,
884377100,INFORMATION TECHNOLOGY SPECIALIST (SYSANALYSIS),http://data.europa.eu/esco/skill/e49f4158-9d4c-425d-bf32-dfe89b19840a,plan ,plan,skill,transversal skills and competences,
884377100,INFORMATION TECHNOLOGY SPECIALIST (SYSANALYSIS),http://data.europa.eu/esco/skill/b633eb55-8f1f-4ae6-ab4c-2022ffe2cb7f,C++,C++,knowledge,sector specific skills and competences,computer programming
884377100,INFORMATION TECHNOLOGY SPECIALIST (SYSANALYSIS),http://data.europa.eu/esco/isced-f/10,services,services,,,
884377100,INFORMATION TECHNOLOGY SPECIALIST (SYSANALYSIS),http://data.europa.eu/esco/skill/335228d2-297d-4e0e-a6ee-bc6a8dc110d9,skills,SKILLS,,,
884377100,INFORMATION TECHNOLOGY SPECIALIST (SYSANALYSIS),http://data.europa.eu/esco/skill/c46fcb45-5c14-4ffa-abed-5a43f104bb22,knowledge,KNOWLEDGE,,,
884377100,INFORMATION TECHNOLOGY SPECIALIST (SYSANALYSIS),http://data.europa.eu/esco/skill/43ae58b9-5e56-4524-b45a-b422777a0576,database,database,knowledge,cross-sector skills and competences,
884377100,INFORMATION TECHNOLOGY SPECIALIST (SYSANALYSIS),http://data.europa.eu/esco/skill/15d76317-c71a-4fa2-aadc-2ecc34e627b7,communication,Communication,knowledge,cross-sector skills and competences,
885794700,Senior Human Capital Analyst,http://data.europa.eu/esco/isced-f/10,services,services,,,
885794700,Senior Human Capital Analyst,http://data.europa.eu/esco/skill/335228d2-297d-4e0e-a6ee-bc6a8dc110d9,skills,skills,,,
885794700,Senior Human Capital Analyst,http://data.europa.eu/esco/skill/c46fcb45-5c14-4ffa-abed-5a43f104bb22,knowledge,KNOWLEDGE,,,
885794700,Senior Human Capital Analyst,http://data.europa.eu/esco/skill/15d76317-c71a-4fa2-aadc-2ecc34e627b7,communication,communication,knowledge,cross-sector skills and competences,
884636500,Business Analyst,http://data.europa.eu/esco/skill/96de2e86-e287-41f2-88ab-15a2343afc6f,resolve conflicts,resolve conflicts,skill,transversal skills and competences,
884636500,Business Analyst,http://data.europa.eu/esco/skill/1e38f5be-bb7d-42c5-8301-c16cf400f8ee,energy,energy,knowledge,cross-sector skills and competences,
884636500,Business Analyst,http://data.europa.eu/esco/skill/99571e68-801f-49af-a897-5f75996642e1,financial analysis,Financial Analysis,knowledge,cross-sector skills and competences,
884636500,Business Analyst,http://data.europa.eu/esco/skill/9e84a506-df06-4be3-874a-fa01293e3dd5,business processes,Business Processes,knowledge,cross-sector skills and competences,
884636500,Business Analyst,http://data.europa.eu/esco/skill/335228d2-297d-4e0e-a6ee-bc6a8dc110d9,skills,skills,,,
884636500,Business Analyst,http://data.europa.eu/esco/skill/c46fcb45-5c14-4ffa-abed-5a43f104bb22,knowledge,knowledge,,,
884636500,Business Analyst,http://data.europa.eu/esco/skill/15d76317-c71a-4fa2-aadc-2ecc34e627b7,communication,communication,knowledge,cross-sector skills and competences,
885620200,Management and Program Analyst,http://data.europa.eu/esco/skill/598de5b0-5b58-4ea7-8058-a4bc4d18c742,SQL,SQL,knowledge,sector specific skills and competences,query languages
885620200,Management and Program Analyst,http://data.europa.eu/esco/skill/c062bab3-3ea0-4291-9220-a2d8fef4bead,SQL Server,SQL Server,knowledge,sector specific skills and competences,database management systems
885620200,Management and Program Analyst,http://data.europa.eu/esco/skill/ab1e97ed-2319-4293-a8b7-072d2648822f,database management systems,database management systems,knowledge,sector specific skills and competences,
885620200,Management and Program Analyst,http://data.europa.eu/esco/skill/6f142deb-03a9-4cd7-94ce-e0f023ae2169,communicating,communicating,,,
885620200,Management and Program Analyst,http://data.europa.eu/esco/isced-f/10,services,services,,,
885620200,Management and Program Analyst,http://data.europa.eu/esco/skill/335228d2-297d-4e0e-a6ee-bc6a8dc110d9,skills,skills,,,
885620200,Management and Program Analyst,http://data.europa.eu/esco/skill/c46fcb45-5c14-4ffa-abed-5a43f104bb22,knowledge,knowledge,,,
885620200,Management and Program Analyst,http://data.europa.eu/esco/skill/43ae58b9-5e56-4524-b45a-b422777a0576,database,database,knowledge,cross-sector skills and competences,
885620200,Management and Program Analyst,http://data.europa.eu/esco/skill/a8d07b5a-c1a1-42c6-9d53-db9c7a2ca996,PostgreSQL,PostgreSQL,knowledge,sector specific skills and competences,database management systems
885765900,Supervisory Program Analyst,http://data.europa.eu/esco/skill/52e53619-fa77-4f72-b237-5e4aae784dc2,financial management,Financial Management,knowledge,cross-sector skills and competences,
885765900,Supervisory Program Analyst,http://data.europa.eu/esco/skill/335228d2-297d-4e0e-a6ee-bc6a8dc110d9,skills,skills,,,
885765900,Supervisory Program Analyst,http://data.europa.eu/esco/skill/c46fcb45-5c14-4ffa-abed-5a43f104bb22,knowledge,knowledge,,,
885360700,Program Analyst,http://data.europa.eu/esco/skill/3d03c40c-1b83-4793-8902-2523f40af59e,Microsoft Access,Microsoft Access,knowledge,sector specific skills and competences,database management systems
885360700,Program Analyst,http://data.europa.eu/esco/skill/3ec2e4d6-7000-4905-bf1a-c5b1679416de,data warehouse,data warehouse,knowledge,occupation specific skills and competences,
885360700,Program Analyst,http://data.europa.eu/esco/skill/88b406d0-72e2-4087-be19-d5992d259473,personnel management,Personnel Management,knowledge,cross-sector skills and competences,
885360700,Program Analyst,http://data.europa.eu/esco/isced-f/011,education,education,,,
885360700,Program Analyst,http://data.europa.eu/esco/skill/c46fcb45-5c14-4ffa-abed-5a43f104bb22,knowledge,knowledge,,,
885790500,Nurse-Clinical Analyst,http://data.europa.eu/esco/skill/6d3edede-8951-4621-a835-e04323300fa0,English,English,knowledge,transversal skills and competences,
885790500,Nurse-Clinical Analyst,http://data.europa.eu/esco/skill/949ced5f-7536-4614-ac60-563ffc91a2f2,strategic planning,strategic planning,knowledge,cross-sector skills and competences,
885790500,Nurse-Clinical Analyst,http://data.europa.eu/esco/skill/e49f4158-9d4c-425d-bf32-dfe89b19840a,plan ,Plan,skill,transversal skills and competences,
885790500,Nurse-Clinical Analyst,http://data.europa.eu/esco/isced-f/10,services,services,,,
885790500,Nurse-Clinical Analyst,http://data.europa.eu/esco/isced-f/091,health,health,,,
885790500,Nurse-Clinical Analyst,http://data.europa.eu/esco/isced-f/011,education,education,,,
885790500,Nurse-Clinical Analyst,http://data.europa.eu/esco/skill/6eff134b-e34f-4d6e-a6e8-5e47cf2228d0,risk management,Risk Management,knowledge,cross-sector skills and competences,
885790500,Nurse-Clinical Analyst,http://data.europa.eu/esco/skill/4b3c8605-819d-4b38-83fc-f23663e78dc9,consultation,consultation,knowledge,cross-sector skills and competences,
885790500,Nurse-Clinical Analyst,http://data.europa.eu/esco/skill/335228d2-297d-4e0e-a6ee-bc6a8dc110d9,skills,skills,,,
885790500,Nurse-Clinical Analyst,http://data.europa.eu/esco/skill/c46fcb45-5c14-4ffa-abed-5a43f104bb22,knowledge,knowledge,,,
885790500,Nurse-Clinical Analyst,http://data.europa.eu/esco/skill/55514865-3066-4abd-86a9-dbe45a440882,root cause analysis,root cause analysis,knowledge,cross-sector skills and competences,
864975100,Investigative Analyst,http://data.europa.eu/esco/skill/415f816c-07ae-4ac1-9ddb-ecaa9957a249,law enforcement,law enforcement,knowledge,cross-sector skills and competences,
864975100,Investigative Analyst,http://data.europa.eu/esco/isced-f/0421,law,law,,,
864975100,Investigative Analyst,http://data.europa.eu/esco/isced-f/011,education,education,,,
864975100,Investigative Analyst,http://data.europa.eu/esco/isced-f/0313,psychology,Psychology,,,
864975100,Investigative Analyst,http://data.europa.eu/esco/skill/335228d2-297d-4e0e-a6ee-bc6a8dc110d9,skills,skills,,,
864975100,Investigative Analyst,http://data.europa.eu/esco/skill/c46fcb45-5c14-4ffa-abed-5a43f104bb22,knowledge,knowledge,,,
864975100,Investigative Analyst,http://data.europa.eu/esco/skill/5b671d86-f1fa-4468-947c-374dc6cdf6b8,pregnancy,pregnancy,knowledge,sector specific skills and competences,
884718400,SUPERVISORY PROGRAM ANALYST,http://data.europa.eu/esco/skill/97bd1c21-66b2-4b7e-ad0f-e3cda590e378,data analytics,Data Analytics,knowledge,cross-sector skills and competences,
884718400,SUPERVISORY PROGRAM ANALYST,http://data.europa.eu/esco/skill/143769cb-b61e-47d8-a61e-eedfbec1016c,business intelligence,Business Intelligence,knowledge,cross-sector skills and competences,
884718400,SUPERVISORY PROGRAM ANALYST,http://data.europa.eu/esco/skill/88b406d0-72e2-4087-be19-d5992d259473,personnel management,Personnel Management,knowledge,cross-sector skills and competences,
884718400,SUPERVISORY PROGRAM ANALYST,http://data.europa.eu/esco/skill/e49f4158-9d4c-425d-bf32-dfe89b19840a,plan ,plan,skill,transversal skills and competences,
884718400,SUPERVISORY PROGRAM ANALYST,http://data.europa.eu/esco/skill/335228d2-297d-4e0e-a6ee-bc6a8dc110d9,skills,skills,,,
884718400,SUPERVISORY PROGRAM ANALYST,http://data.europa.eu/esco/skill/c46fcb45-5c14-4ffa-abed-5a43f104bb22,knowledge,knowledge,,,
884718400,SUPERVISORY PROGRAM ANALYST,http://data.europa.eu/esco/skill/f2d57f41-43b4-4f5b-8100-3df5c21eda50,process data,process data,skill,cross-sector skills and competences,
884718400,SUPERVISORY PROGRAM ANALYST,http://data.europa.eu/esco/skill/906323f4-00c4-4c3b-ab5a-8af77be3456e,create data sets,create data sets,skill,cross-sector skills and competences,use databases
885891200,Management and Program Analyst,http://data.europa.eu/esco/skill/6f142deb-03a9-4cd7-94ce-e0f023ae2169,communicating,Communicating,,,
885891200,Management and Program Analyst,http://data.europa.eu/esco/skill/26fa7a33-a426-4cd5-9792-33bf668612e1,LESS,less,knowledge,sector specific skills and competences,style sheet languages
885891200,Management and Program Analyst,http://data.europa.eu/esco/isced-f/011,education,education,,,
885891200,Management and Program Analyst,http://data.europa.eu/esco/skill/2b22f3b1-5de4-43f9-b6d1-b20f65871268,history,history,knowledge,cross-sector skills and competences,
885891200,Management and Program Analyst,http://data.europa.eu/esco/skill/335228d2-297d-4e0e-a6ee-bc6a8dc110d9,skills,skills,,,
885891200,Management and Program Analyst,http://data.europa.eu/esco/skill/c46fcb45-5c14-4ffa-abed-5a43f104bb22,knowledge,knowledge,,,
885891200,Management and Program Analyst,http://data.europa.eu/esco/skill/43ae58b9-5e56-4524-b45a-b422777a0576,database,database,knowledge,cross-sector skills and competences,
